mean_fit_time,std_fit_time,mean_score_time,std_score_time,param_beta_params,param_n_components,param_scale,param_spectral_radius,params,split0_test_score,split1_test_score,split2_test_score,mean_test_score,std_test_score,rank_test_score
30.898948272069294,7.077606424490662,0.025220870971679688,0.00010101803918474154,"(0, 0.01)",4,0.01,0.3,"{'beta_params': (0, 0.01), 'n_components': 4, 'scale': 0.01, 'spectral_radius': 0.3}",-0.008460570765085391,-0.022944423053459884,-0.012579014019515063,-0.014661335946020114,0.006093578189759311,60
15.237538576126099,3.3626874206637156,0.02586476008097331,0.001608157161648651,"(0, 0.01)",4,0.01,0.6,"{'beta_params': (0, 0.01), 'n_components': 4, 'scale': 0.01, 'spectral_radius': 0.6}",-0.017510581450779206,-0.02609227222237572,-0.017670486304749895,-0.02042444665930161,0.004008289523030836,66
10.599818785985311,1.3972567723011318,0.025955359141031902,0.000982090519082382,"(0, 0.01)",4,0.01,0.9,"{'beta_params': (0, 0.01), 'n_components': 4, 'scale': 0.01, 'spectral_radius': 0.9}",-0.033923447621492665,-0.041716667687498925,-0.031048083079476745,-0.03556273279615611,0.00450704014459863,73
14.97315796216329,7.328989756987586,0.025542259216308594,0.0027196014340203595,"(0, 0.01)",4,1.0,0.3,"{'beta_params': (0, 0.01), 'n_components': 4, 'scale': 1.0, 'spectral_radius': 0.3}",-0.008356392574929488,-0.022996704871701284,-0.012517413312790063,-0.01462350358647361,0.006159621104009034,59
7.514497359593709,1.5425776377908138,0.026192267735799152,0.0008477499840072815,"(0, 0.01)",4,1.0,0.6,"{'beta_params': (0, 0.01), 'n_components': 4, 'scale': 1.0, 'spectral_radius': 0.6}",-0.01760831382008873,-0.026049973484983342,-0.017568622379801547,-0.02040896989495787,0.0039888248043434375,65
7.579682191212972,0.6728814026582483,0.02526744206746419,0.0026562808160107594,"(0, 0.01)",4,1.0,0.9,"{'beta_params': (0, 0.01), 'n_components': 4, 'scale': 1.0, 'spectral_radius': 0.9}",-0.03395087715521163,-0.041791464516511515,-0.031197296162907492,-0.03564654594487688,0.004488174852454677,74
12.974410772323608,7.478442501527867,0.02515403429667155,0.001052736083361376,"(0, 0.01)",4,10.0,0.3,"{'beta_params': (0, 0.01), 'n_components': 4, 'scale': 10.0, 'spectral_radius': 0.3}",-0.008396898342857149,-0.023167010661634797,-0.012608982738534806,-0.014724297247675586,0.006212620009934775,61
13.168329318364462,6.752541917627981,0.023977120717366535,0.0009620096865897979,"(0, 0.01)",4,10.0,0.6,"{'beta_params': (0, 0.01), 'n_components': 4, 'scale': 10.0, 'spectral_radius': 0.6}",-0.017448182990621886,-0.026140007764978147,-0.017605611111315273,-0.020397933955638436,0.004060767959161178,64
11.690428336461386,4.53995998869702,0.024190425872802734,0.0006524335634496195,"(0, 0.01)",4,10.0,0.9,"{'beta_params': (0, 0.01), 'n_components': 4, 'scale': 10.0, 'spectral_radius': 0.9}",-0.03390397125503424,-0.04171422929473658,-0.03151839741281855,-0.03571219932086312,0.004354385796307174,75
79.13905175526936,29.306816302961582,0.02647852897644043,0.0027226606366865806,"(0, 0.01)",16,0.01,0.3,"{'beta_params': (0, 0.01), 'n_components': 16, 'scale': 0.01, 'spectral_radius': 0.3}",-0.007171300861632912,-0.022746346124055208,-0.012277012339995591,-0.01406488644189457,0.006482945785407876,53
93.53104289372762,35.86248080286067,0.02569739023844401,0.0014014162190847661,"(0, 0.01)",16,0.01,0.6,"{'beta_params': (0, 0.01), 'n_components': 16, 'scale': 0.01, 'spectral_radius': 0.6}",-0.00651048940282937,-0.021950022078488497,-0.011720753995885576,-0.013393755159067815,0.006413215105269915,37
61.321474154790245,12.126777362427564,0.024738470713297527,0.0004422046310257644,"(0, 0.01)",16,0.01,0.9,"{'beta_params': (0, 0.01), 'n_components': 16, 'scale': 0.01, 'spectral_radius': 0.9}",-0.006678560566779736,-0.021996523777748675,-0.012144559482581096,-0.013606547942369837,0.006338404474606421,40
76.56140796343486,30.20333452981135,0.026853084564208984,0.003394694459271281,"(0, 0.01)",16,1.0,0.3,"{'beta_params': (0, 0.01), 'n_components': 16, 'scale': 1.0, 'spectral_radius': 0.3}",-0.007238021771011837,-0.02281206918185214,-0.012315887532585224,-0.014121992828483067,0.0064850726258425225,56
77.72330236434937,26.905949949877684,0.02558167775472005,0.0018221725866688755,"(0, 0.01)",16,1.0,0.6,"{'beta_params': (0, 0.01), 'n_components': 16, 'scale': 1.0, 'spectral_radius': 0.6}",-0.0064771682595832535,-0.022205443950828328,-0.011721394465523572,-0.013468002225311719,0.0065387380563768725,38
66.23616043726604,25.238981410594214,0.025614182154337566,0.00055031351116058,"(0, 0.01)",16,1.0,0.9,"{'beta_params': (0, 0.01), 'n_components': 16, 'scale': 1.0, 'spectral_radius': 0.9}",-0.006719753702006576,-0.022098877466310552,-0.012207629919173787,-0.01367542036249697,0.006363707961483775,42
82.51611304283142,35.209195573452185,0.025324344635009766,0.001630395535101611,"(0, 0.01)",16,10.0,0.3,"{'beta_params': (0, 0.01), 'n_components': 16, 'scale': 10.0, 'spectral_radius': 0.3}",-0.007135929564308256,-0.022711385053033446,-0.012337050744256842,-0.014061455120532848,0.006474508025582834,52
80.01942467689514,45.77993627359554,0.023755391438802082,0.0008178512645245357,"(0, 0.01)",16,10.0,0.6,"{'beta_params': (0, 0.01), 'n_components': 16, 'scale': 10.0, 'spectral_radius': 0.6}",-0.0064956103623072525,-0.02171927504942353,-0.011665416469165784,-0.013293433960298856,0.006320750078907524,30
54.902186155319214,16.07067173412692,0.024530410766601562,0.000216399328868381,"(0, 0.01)",16,10.0,0.9,"{'beta_params': (0, 0.01), 'n_components': 16, 'scale': 10.0, 'spectral_radius': 0.9}",-0.006667515382242828,-0.02194181570194008,-0.012192962800844915,-0.013600764628342607,0.0063146650506687085,39
98.15842366218567,33.33878856745118,0.02367226282755534,0.0006178455542123811,"(0, 0.01)",128,0.01,0.3,"{'beta_params': (0, 0.01), 'n_components': 128, 'scale': 0.01, 'spectral_radius': 0.3}",-0.0072194973045579145,-0.02265377748557309,-0.012163167218841349,-0.014012147336324117,0.006435230986926804,47
103.48288790384929,30.2434211870177,0.024624109268188477,0.001331064998192646,"(0, 0.01)",128,0.01,0.6,"{'beta_params': (0, 0.01), 'n_components': 128, 'scale': 0.01, 'spectral_radius': 0.6}",-0.0064472271830771965,-0.0219877376099236,-0.011700673685909239,-0.013378546159636679,0.006454368448851762,35
136.71754924456278,66.97895144602988,0.02360224723815918,0.0004116257008551007,"(0, 0.01)",128,0.01,0.9,"{'beta_params': (0, 0.01), 'n_components': 128, 'scale': 0.01, 'spectral_radius': 0.9}",-0.00602685259436948,-0.021852311836603522,-0.012014467583207976,-0.013297877338060324,0.00652414211504932,31
91.3587752978007,37.04081710483093,0.023624102274576824,0.0003847285652670194,"(0, 0.01)",128,1.0,0.3,"{'beta_params': (0, 0.01), 'n_components': 128, 'scale': 1.0, 'spectral_radius': 0.3}",-0.0072472322137835075,-0.02281459098182532,-0.01232141309131885,-0.014127745428975894,0.0064824271246080485,57
110.71746730804443,48.917011798556096,0.02368466059366862,0.00021410150652419101,"(0, 0.01)",128,1.0,0.6,"{'beta_params': (0, 0.01), 'n_components': 128, 'scale': 1.0, 'spectral_radius': 0.6}",-0.006566487751296086,-0.02190084622732409,-0.01168198011552581,-0.013383104698048662,0.0063747421438978295,36
124.1614499092102,61.770417753449166,0.02425384521484375,0.0003977808517390363,"(0, 0.01)",128,1.0,0.9,"{'beta_params': (0, 0.01), 'n_components': 128, 'scale': 1.0, 'spectral_radius': 0.9}",-0.005995863795914174,-0.02186389322000929,-0.012162499297962865,-0.013340752104628775,0.006531452069705949,33
98.43653130531311,33.62988896470341,0.023600339889526367,0.00021071814746327744,"(0, 0.01)",128,10.0,0.3,"{'beta_params': (0, 0.01), 'n_components': 128, 'scale': 10.0, 'spectral_radius': 0.3}",-0.007194211478355967,-0.022833270551029662,-0.01233449899350363,-0.014120660340963084,0.006508344461228882,55
108.47101895014445,33.041689118472185,0.023727814356486004,0.00019480615230427854,"(0, 0.01)",128,10.0,0.6,"{'beta_params': (0, 0.01), 'n_components': 128, 'scale': 10.0, 'spectral_radius': 0.6}",-0.006457479932516203,-0.021832500271138398,-0.011698170118374611,-0.013329383440676404,0.006381925272747646,32
132.3704776763916,62.156395624643494,0.024370988210042317,0.0006680631628478398,"(0, 0.01)",128,10.0,0.9,"{'beta_params': (0, 0.01), 'n_components': 128, 'scale': 10.0, 'spectral_radius': 0.9}",-0.006034238832761948,-0.021901331199693362,-0.012088637418485981,-0.013341402483647097,0.006538002767234522,34
17.06034564971924,10.050024895283324,0.02325598398844401,0.00024656756665873144,"(0, 1.0)",4,0.01,0.3,"{'beta_params': (0, 1.0), 'n_components': 4, 'scale': 0.01, 'spectral_radius': 0.3}",-0.007703134972274403,-0.021842201041968032,-0.012548273609966411,-0.014031203208069616,0.005866720121469821,49
14.171525637308756,6.517089136781094,0.023624658584594727,0.0007936447302480541,"(0, 1.0)",4,0.01,0.6,"{'beta_params': (0, 1.0), 'n_components': 4, 'scale': 0.01, 'spectral_radius': 0.6}",-0.017362512636808363,-0.026272529406359837,-0.018383756675709736,-0.020672932906292647,0.003981402229484938,69
8.677778323491415,2.139216952337546,0.023380597432454426,0.00029052660175192226,"(0, 1.0)",4,0.01,0.9,"{'beta_params': (0, 1.0), 'n_components': 4, 'scale': 0.01, 'spectral_radius': 0.9}",-0.03366166695681637,-0.04162298238834315,-0.03217639226396753,-0.035820347203042356,0.0041476452394559535,77
13.646101633707682,1.4354497783341644,0.023630698521931965,0.0002608000185873928,"(0, 1.0)",4,1.0,0.3,"{'beta_params': (0, 1.0), 'n_components': 4, 'scale': 1.0, 'spectral_radius': 0.3}",-0.0077185749563725295,-0.021818975432112697,-0.012542548388678415,-0.01402669959238788,0.005851344688227233,48
11.990337689717611,3.0167040737250814,0.024025996526082356,0.0006525473197109091,"(0, 1.0)",4,1.0,0.6,"{'beta_params': (0, 1.0), 'n_components': 4, 'scale': 1.0, 'spectral_radius': 0.6}",-0.017384526546055244,-0.026350896060184745,-0.01832512872099793,-0.020686850442412637,0.0040234514771134225,71
6.6856911182403564,1.373594997767777,0.023439963658650715,0.00034333502414934854,"(0, 1.0)",4,1.0,0.9,"{'beta_params': (0, 1.0), 'n_components': 4, 'scale': 1.0, 'spectral_radius': 0.9}",-0.03386636001090486,-0.04181287218683519,-0.03190258675293526,-0.03586060631689177,0.0042845616728007,78
21.55225070317586,8.168201460972655,0.023734331130981445,0.00039183540401263416,"(0, 1.0)",4,10.0,0.3,"{'beta_params': (0, 1.0), 'n_components': 4, 'scale': 10.0, 'spectral_radius': 0.3}",-0.007672682005643119,-0.02195540400977481,-0.012571686871286058,-0.014066590962234662,0.005925936811603605,54
16.70087464650472,3.9878650510237983,0.02511437733968099,0.001921073540958824,"(0, 1.0)",4,10.0,0.6,"{'beta_params': (0, 1.0), 'n_components': 4, 'scale': 10.0, 'spectral_radius': 0.6}",-0.01739533503049096,-0.026192186330466345,-0.018409115633815646,-0.020665545664924317,0.003929779939762231,68
10.840114752451578,3.2353328465488724,0.023829301198323567,0.0005569681974339399,"(0, 1.0)",4,10.0,0.9,"{'beta_params': (0, 1.0), 'n_components': 4, 'scale': 10.0, 'spectral_radius': 0.9}",-0.03374087792986827,-0.042177614000083595,-0.032009724046108363,-0.035976071992020076,0.004441738841238239,80
142.06998133659363,36.912765261917215,0.02449639638264974,0.0005547625954777592,"(0, 1.0)",16,0.01,0.3,"{'beta_params': (0, 1.0), 'n_components': 16, 'scale': 0.01, 'spectral_radius': 0.3}",-0.006091028167110858,-0.019358365626520484,-0.012095279131863038,-0.012514890975164792,0.005424488694168499,15
128.13379502296448,32.25113209851507,0.02411206563313802,0.0002526044064229081,"(0, 1.0)",16,0.01,0.6,"{'beta_params': (0, 1.0), 'n_components': 16, 'scale': 0.01, 'spectral_radius': 0.6}",-0.005926485531596954,-0.019385104049355666,-0.012130846720308643,-0.012480812100420421,0.005500027874298882,7
75.63646507263184,13.760475410216102,0.023594141006469727,0.00023041187265783537,"(0, 1.0)",16,0.01,0.9,"{'beta_params': (0, 1.0), 'n_components': 16, 'scale': 0.01, 'spectral_radius': 0.9}",-0.00660773617542102,-0.020646152600696063,-0.012444172092416972,-0.01323268695617802,0.005758217357257777,28
138.45508543650308,31.17941060511827,0.02443067232767741,0.0009920172072459368,"(0, 1.0)",16,1.0,0.3,"{'beta_params': (0, 1.0), 'n_components': 16, 'scale': 1.0, 'spectral_radius': 0.3}",-0.006026729995859963,-0.01937514717971882,-0.012131871822456267,-0.012511249666011684,0.0054560673254472804,13
135.05868530273438,39.874460896550175,0.02419869105021159,0.00041089265404076143,"(0, 1.0)",16,1.0,0.6,"{'beta_params': (0, 1.0), 'n_components': 16, 'scale': 1.0, 'spectral_radius': 0.6}",-0.00590591886420626,-0.019369761756467,-0.012102548043615364,-0.012459409554762874,0.005502380028101408,5
82.49977795283,20.58704425505927,0.0244596004486084,0.0011115769139953685,"(0, 1.0)",16,1.0,0.9,"{'beta_params': (0, 1.0), 'n_components': 16, 'scale': 1.0, 'spectral_radius': 0.9}",-0.006664313615140448,-0.020577711292247378,-0.012505834179097583,-0.013249286362161801,0.0057043959418275735,29
147.36126844088236,42.27631689204353,0.024114370346069336,0.00040969530259155675,"(0, 1.0)",16,10.0,0.3,"{'beta_params': (0, 1.0), 'n_components': 16, 'scale': 10.0, 'spectral_radius': 0.3}",-0.006072282324250864,-0.019193820689499506,-0.01211008716219509,-0.012458730058648485,0.005362515340746266,4
137.3246429761251,37.740185674394084,0.023922522862752277,0.000494406070351567,"(0, 1.0)",16,10.0,0.6,"{'beta_params': (0, 1.0), 'n_components': 16, 'scale': 10.0, 'spectral_radius': 0.6}",-0.005902934510636329,-0.019362579533597653,-0.012228984630962286,-0.012498166225065423,0.005498172731855849,12
76.5928426583608,16.012153276106417,0.024047454198201496,0.00035594546220221523,"(0, 1.0)",16,10.0,0.9,"{'beta_params': (0, 1.0), 'n_components': 16, 'scale': 10.0, 'spectral_radius': 0.9}",-0.006645520318767951,-0.02051291149196744,-0.012495078284028396,-0.013217836698254597,0.005684359786973015,26
227.9502834479014,42.32914910366239,0.024046977361043293,0.0004953750725047746,"(0, 1.0)",128,0.01,0.3,"{'beta_params': (0, 1.0), 'n_components': 128, 'scale': 0.01, 'spectral_radius': 0.3}",-0.005917446981999808,-0.019464400344632694,-0.012110819420266313,-0.012497555582299605,0.0055372773090876706,11
224.0417284965515,42.64922307764716,0.024596532185872395,0.0005860977979246042,"(0, 1.0)",128,0.01,0.6,"{'beta_params': (0, 1.0), 'n_components': 128, 'scale': 0.01, 'spectral_radius': 0.6}",-0.007411915481753544,-0.01967493814889037,-0.012129118006297498,-0.013071990545647139,0.005050556913369233,22
209.91317733128867,35.6161514718758,0.024099349975585938,3.3702302527819456e-05,"(0, 1.0)",128,0.01,0.9,"{'beta_params': (0, 1.0), 'n_components': 128, 'scale': 0.01, 'spectral_radius': 0.9}",-0.00629477611278825,-0.020050759021692528,-0.01228318582964863,-0.01287624032137647,0.0056314919083155675,18
224.21427973111471,40.05451954906108,0.02409084637959798,0.0006458012892636016,"(0, 1.0)",128,1.0,0.3,"{'beta_params': (0, 1.0), 'n_components': 128, 'scale': 1.0, 'spectral_radius': 0.3}",-0.005755393140285503,-0.019275791296874626,-0.012163615546698942,-0.012398266661286357,0.00552217272682637,1
225.61923909187317,38.430665184020896,0.024133920669555664,0.000725053674289355,"(0, 1.0)",128,1.0,0.6,"{'beta_params': (0, 1.0), 'n_components': 128, 'scale': 1.0, 'spectral_radius': 0.6}",-0.006588502911730105,-0.0196619345768507,-0.012191898000982514,-0.01281411182985444,0.00535530991398718,16
211.77800377209982,53.536779197902106,0.02421991030375163,0.0005191782429008479,"(0, 1.0)",128,1.0,0.9,"{'beta_params': (0, 1.0), 'n_components': 128, 'scale': 1.0, 'spectral_radius': 0.9}",-0.006532619851642211,-0.020228471086071002,-0.012071464401823231,-0.012944185113178816,0.005625259480766074,20
220.36425336201987,47.12850289801678,0.023739417394002277,0.000244202420780119,"(0, 1.0)",128,10.0,0.3,"{'beta_params': (0, 1.0), 'n_components': 128, 'scale': 10.0, 'spectral_radius': 0.3}",-0.005977089244507522,-0.019358370821182493,-0.012123449520581033,-0.012486303195423683,0.0054689073406288,9
232.37287871042886,42.440040907308564,0.023533980051676433,0.00021919165072540413,"(0, 1.0)",128,10.0,0.6,"{'beta_params': (0, 1.0), 'n_components': 128, 'scale': 10.0, 'spectral_radius': 0.6}",-0.006622655122347209,-0.019752188536221228,-0.012250927273895554,-0.012875256977487997,0.005378258863275329,17
214.271177371343,43.54697379723009,0.023496627807617188,0.0001683252053540833,"(0, 1.0)",128,10.0,0.9,"{'beta_params': (0, 1.0), 'n_components': 128, 'scale': 10.0, 'spectral_radius': 0.9}",-0.006462686956744152,-0.020539950829022526,-0.012345056799753033,-0.013115898195173238,0.005772809072142059,23
18.8994619846344,9.043279615712159,0.024376948674519856,0.0006110457584451349,"(0, 10.0)",4,0.01,0.3,"{'beta_params': (0, 10.0), 'n_components': 4, 'scale': 0.01, 'spectral_radius': 0.3}",-0.007740400943210674,-0.021759997219549847,-0.012643691386412005,-0.014048029849724175,0.0058089812547777704,51
9.910149971644083,3.8419097628130032,0.024225155512491863,0.0006987731531541975,"(0, 10.0)",4,0.01,0.6,"{'beta_params': (0, 10.0), 'n_components': 4, 'scale': 0.01, 'spectral_radius': 0.6}",-0.01741121984544467,-0.02632669146914351,-0.018305166921054293,-0.02068102607854749,0.004008735346750313,70
10.058192571004232,1.7004946313181304,0.023947795232137043,0.0005460136773376276,"(0, 10.0)",4,0.01,0.9,"{'beta_params': (0, 10.0), 'n_components': 4, 'scale': 0.01, 'spectral_radius': 0.9}",-0.033839455415398206,-0.042013448695368855,-0.03215664009640906,-0.03600318140239204,0.004305070773651792,81
19.73161443074544,5.764467269683181,0.023500442504882812,6.273656204746097e-05,"(0, 10.0)",4,1.0,0.3,"{'beta_params': (0, 10.0), 'n_components': 4, 'scale': 1.0, 'spectral_radius': 0.3}",-0.007709669765313006,-0.021768763867142413,-0.01254198246230419,-0.01400680536491987,0.005832312939880379,46
20.779951413472492,2.010687406611613,0.024029334386189777,0.0005111155097980603,"(0, 10.0)",4,1.0,0.6,"{'beta_params': (0, 10.0), 'n_components': 4, 'scale': 1.0, 'spectral_radius': 0.6}",-0.017548738106195165,-0.026243922883083852,-0.018445092812016475,-0.020745917933765165,0.0039048607962138327,72
10.01518170038859,1.7309265828308036,0.02421426773071289,0.0009796488184578732,"(0, 10.0)",4,1.0,0.9,"{'beta_params': (0, 10.0), 'n_components': 4, 'scale': 1.0, 'spectral_radius': 0.9}",-0.03365526303603579,-0.042067072042976196,-0.03191807018341611,-0.035880135087476034,0.004431937230324039,79
13.296543995539347,2.909830206478121,0.02358706792195638,0.0006077988812861542,"(0, 10.0)",4,10.0,0.3,"{'beta_params': (0, 10.0), 'n_components': 4, 'scale': 10.0, 'spectral_radius': 0.3}",-0.007687064131652612,-0.021834340888796745,-0.01257255198595865,-0.014031319002136002,0.00586699018898236,50
18.557068745295208,5.602543180713157,0.023799896240234375,0.00033091164661892277,"(0, 10.0)",4,10.0,0.6,"{'beta_params': (0, 10.0), 'n_components': 4, 'scale': 10.0, 'spectral_radius': 0.6}",-0.017272672964599552,-0.026284072660769348,-0.018327798489628153,-0.020628181371665683,0.004022449682636253,67
7.735420783360799,1.2172040738529866,0.023773352305094402,0.0005668506998505534,"(0, 10.0)",4,10.0,0.9,"{'beta_params': (0, 10.0), 'n_components': 4, 'scale': 10.0, 'spectral_radius': 0.9}",-0.033580605018049804,-0.041853620261560906,-0.03187984047024852,-0.035771355249953084,0.0043564978874730724,76
138.5081520875295,28.578995265949157,0.02417763074239095,0.0002511896603424996,"(0, 10.0)",16,0.01,0.3,"{'beta_params': (0, 10.0), 'n_components': 16, 'scale': 0.01, 'spectral_radius': 0.3}",-0.0060876066081563185,-0.01937767202001265,-0.012076296030938433,-0.012513858219702467,0.0054344613449498974,14
129.9286872545878,46.721681215929586,0.02411190668741862,0.0002523856581377335,"(0, 10.0)",16,0.01,0.6,"{'beta_params': (0, 10.0), 'n_components': 16, 'scale': 0.01, 'spectral_radius': 0.6}",-0.005894444611314091,-0.0193404752596785,-0.012212393544668161,-0.01248243780522025,0.0054926391941811,8
66.39605975151062,13.591500923753896,0.0237273375193278,0.00048404840970570583,"(0, 10.0)",16,0.01,0.9,"{'beta_params': (0, 10.0), 'n_components': 16, 'scale': 0.01, 'spectral_radius': 0.9}",-0.0066632045100686104,-0.020456946079253337,-0.01235790160722217,-0.013159350732181371,0.0056597153723655915,24
143.04296628634134,29.505117841884964,0.024720430374145508,0.00022412597675430416,"(0, 10.0)",16,1.0,0.3,"{'beta_params': (0, 10.0), 'n_components': 16, 'scale': 1.0, 'spectral_radius': 0.3}",-0.006129577768036876,-0.019201612333051336,-0.011899437122566496,-0.01241020907455157,0.005348843358299324,2
126.48571332295735,32.91395749647942,0.024777332941691082,9.921848362394925e-05,"(0, 10.0)",16,1.0,0.6,"{'beta_params': (0, 10.0), 'n_components': 16, 'scale': 1.0, 'spectral_radius': 0.6}",-0.005864945314640707,-0.019179844105486676,-0.012206002272967982,-0.012416930564365122,0.005437830481034488,3
76.53345998128255,13.108229257843568,0.0237119197845459,0.00022119822536690215,"(0, 10.0)",16,1.0,0.9,"{'beta_params': (0, 10.0), 'n_components': 16, 'scale': 1.0, 'spectral_radius': 0.9}",-0.0066002988982185725,-0.020528890089157363,-0.012417586824010595,-0.01318225860379551,0.005711973117302169,25
153.97925098737082,37.629855070140394,0.024358034133911133,0.0007532989857090143,"(0, 10.0)",16,10.0,0.3,"{'beta_params': (0, 10.0), 'n_components': 16, 'scale': 10.0, 'spectral_radius': 0.3}",-0.0060155614565692225,-0.019228721184296357,-0.01217013763034613,-0.012471473423737237,0.005398456566025239,6
129.20847606658936,36.42472451720494,0.024128516515096027,0.0006990331183842654,"(0, 10.0)",16,10.0,0.6,"{'beta_params': (0, 10.0), 'n_components': 16, 'scale': 10.0, 'spectral_radius': 0.6}",-0.00591457250570089,-0.01937212379009251,-0.01220178414173993,-0.012496160145844445,0.0054979641424107795,10
81.10819872220357,13.75460206036976,0.0242312749226888,0.0005960804717631463,"(0, 10.0)",16,10.0,0.9,"{'beta_params': (0, 10.0), 'n_components': 16, 'scale': 10.0, 'spectral_radius': 0.9}",-0.006656376723398069,-0.020558499354502123,-0.012471923635085782,-0.01322893323766199,0.0057007046971614735,27
258.1835556825002,4.159284924816245,0.024623711903889973,0.0006604448930241682,"(0, 10.0)",128,0.01,0.3,"{'beta_params': (0, 10.0), 'n_components': 128, 'scale': 0.01, 'spectral_radius': 0.3}",-0.0067431651654766885,-0.019792962828975687,-0.012171637587611516,-0.01290258852735463,0.005352570829162344,19
256.0483566919963,9.459460287607195,0.0232697327931722,0.000116416048498005,"(0, 10.0)",128,0.01,0.6,"{'beta_params': (0, 10.0), 'n_components': 128, 'scale': 0.01, 'spectral_radius': 0.6}",-0.017760207513550973,-0.02310530192168757,-0.012816047023533462,-0.017893852152924005,0.004201633591594421,63
227.4636729558309,36.04241262969206,0.0238492488861084,0.00030037284329267904,"(0, 10.0)",128,0.01,0.9,"{'beta_params': (0, 10.0), 'n_components': 128, 'scale': 0.01, 'spectral_radius': 0.9}",-0.006893026815410157,-0.02169574804506282,-0.012439833900761307,-0.013676202920411426,0.006106095054138685,43
260.2267339229584,1.7668849559625612,0.023539622624715168,0.0002522225429320433,"(0, 10.0)",128,1.0,0.3,"{'beta_params': (0, 10.0), 'n_components': 128, 'scale': 1.0, 'spectral_radius': 0.3}",-0.008893782246136857,-0.019709813527119112,-0.012341688615807974,-0.013648428129687981,0.004511268061616983,41
251.66623640060425,9.870974379784606,0.023267269134521484,3.803704237263801e-05,"(0, 10.0)",128,1.0,0.6,"{'beta_params': (0, 10.0), 'n_components': 128, 'scale': 1.0, 'spectral_radius': 0.6}",-0.009633662129070868,-0.023253226161750913,-0.013200457565241283,-0.015362448618687687,0.005766500099508927,62
227.34550388654074,34.67932388563988,0.02341771125793457,0.0003797756267747669,"(0, 10.0)",128,1.0,0.9,"{'beta_params': (0, 10.0), 'n_components': 128, 'scale': 1.0, 'spectral_radius': 0.9}",-0.00743756490134386,-0.021767998762985,-0.012439302691549517,-0.013881622118626126,0.005938605204535809,45
253.18912514050803,4.277265224930793,0.02388159434000651,0.0006006088589218765,"(0, 10.0)",128,10.0,0.3,"{'beta_params': (0, 10.0), 'n_components': 128, 'scale': 10.0, 'spectral_radius': 0.3}",-0.007028368511609807,-0.0198319228743791,-0.012351074276819522,-0.013070455220936144,0.005251722434095042,21
244.37900002797446,1.3890831268407056,0.02413662274678548,9.393920615954535e-05,"(0, 10.0)",128,10.0,0.6,"{'beta_params': (0, 10.0), 'n_components': 128, 'scale': 10.0, 'spectral_radius': 0.6}",-0.007609280281539104,-0.0231433827769159,-0.012691108884903221,-0.01448125731445274,0.006466867280431944,58
223.86302836736044,52.07038667805249,0.02328340212504069,0.0003558361061979544,"(0, 10.0)",128,10.0,0.9,"{'beta_params': (0, 10.0), 'n_components': 128, 'scale': 10.0, 'spectral_radius': 0.9}",-0.007017500427291826,-0.021597353159745133,-0.012542475313265768,-0.013719109633434243,0.00601006808988358,44
